keys,en,nl
KEYBIND_CAMERA_PAN_LEFT,camera pan left,camera pan left
KEYBIND_CAMERA_PAN_RIGHT,camera pan right,camera pan right
KEYBIND_CAMERA_PAN_FORWARD,camera pan forward,camera pan forward
KEYBIND_CAMERA_PAN_DOWN,camera pan down,camera pan down
KEYBIND_CAMERA_ROTATE_LEFT,camera rotate left,camera rotate left
KEYBIND_CAMERA_ROTATE_RIGHT,camera rotate right,camera rotate right
KEYBIND_TOGGLE_INPUT,toggle input,toggle input
KEYBIND_MOVE_FORWARD,move forward,move forward
KEYBIND_MOVE_DOWN,move backward,move backward
KEYBIND_MOVE_LEFT,move left,move left
KEYBIND_MOVE_RIGHT,move right,move right
KEYBIND_SPRINT,sprint,sprint
KEYBIND_PRIMARY_ACTION,primary action,primary action
KEYBIND_INVENTORY,inventory,inventory
KEYBIND_CANCEL,cancel,cancel
KEYBIND_JOURNAL,journal,journal
KEYBIND_HUB,guild hub,guild hub
GUILD_HUB_TITLE,guild hall,guild hall
GUILD_PRESTIGE_LABEL,Prestige,Prestige
SETTINGS_TAB_GAME,game,game
SETTINGS_TAB_INPUT,input,input
SETTINGS_BACK,Back,Back
WINDOW_TITLE,window title,window title
WINDOW_GUILD_HUB,Guild hall,Guild hall
WINDOW_INVENTORY,Guild Warehouse,Guild Warehouse
WINDOW_JOURNAL,Journal,Journal
WINDOW_CRAFTING,Blacksmith,Blacksmith
WINDOW_MARKET,Market,Market
WINDOW_TAVERN,Tavern,Tavern
WINDOW_FACTION_ROSTER,Guild roster,Guild roster
SCENE_FACTION_ROSTER_UI_NAME,Guild roster,Guild roster
WINDOW_NPC_DETAILS,Adventurer,Adventurer
WINDOW_SETTLEMENT_UPGRADE,Settlement Upgrade,Settlement Upgrade
WINDOW_DEPOSIT_ITEMS,Deposit items,Deposit items
WINDOW_QUEST_BOARD,Quest board,Quest board
WINDOW_NEW_QUEST,New quest,New quest
WINDOW_QUEST_STATUS,Quest status,Quest status
WINDOW_KEEP_OPEN,Keep open,Keep open
WINDOW_CLOSE,Close,Close
WINDOW_ALLOW_CLOSE,Allow close,Allow close
PAUSE_RESUME,Resume,Resume
PAUSE_SETTINGS,Settings,Settings
PAUSE_QUIT,Quit,Quit
GAME_SETTINGS_EMPTY,No settings here yet,No settings here yet
WORLD_SEED_LABEL,Seed: %s,Seed: %s
WORLD_SEED_PLACEHOLDER,Seed: ...,Seed: ...
SCENE_ADVENTURER_NAME,Adventurer,Adventurer
SCENE_BASIC_ADVENTURER_NAME,Adventurer,Adventurer
SCENE_PATHFINDER_NAME,Pathfinder,Pathfinder
SCENE_DELVER_NAME,Delver,Delver
SCENE_CRAFTER_NAME,Crafter,Crafter
SCENE_WARDEN_NAME,Warden,Warden
ADVENTURER_RANK_F,F,F
ADVENTURER_RANK_E,E,E
ADVENTURER_RANK_D,D,D
ADVENTURER_RANK_C,C,C
ADVENTURER_RANK_B,B,B
ADVENTURER_RANK_A,A,A
ADVENTURER_RANK_S,S,S
SCENE_DEPOSIT_UI_NAME,Deposit items,Deposit items
SCENE_GAME_SETTINGS_NAME,Game settings,Game settings
SCENE_GAMEPLAY_MAIN_NAME,Gameplay,Gameplay
SCENE_INPUT_SETTINGS_NAME,Input settings,Input settings
SCENE_INVENTORY_UI_NAME,Guild Warehouse,Guild Warehouse
SCENE_JOURNAL_UI_NAME,Journal,Journal
SCENE_CRAFTING_UI_NAME,Blacksmith,Blacksmith
SCENE_MARKET_UI_NAME,Market,Market
SCENE_PAUSE_MENU_NAME,Pause menu,Pause menu
SCENE_PLAYER_NAME,Player,Player
SCENE_QUEST_CREATION_UI_NAME,New quest,New quest
SCENE_QUEST_LIST_UI_NAME,Quest board,Quest board
SCENE_SETTINGS_MENU_NAME,Settings,Settings
INPUT_RESET_CONTROL_BINDINGS,Reset control bindings,Reset control bindings
INPUT_APPLY_CHANGES,Apply changes,Apply changes
INPUT_ACTION_NAME,action name,action name
INPUT_PRESS_KEY_TO_BIND,Press key to bind...,Press key to bind...
QUEST_LIST_EMPTY,No quests are pinned.,No quests are pinned.
QUEST_CREATION_TARGET,Target,Target
QUEST_CREATION_QUEST,Quest,Quest
QUEST_CREATION_MINIMUM_RANK,Minimum rank,Minimum rank
QUEST_CREATION_REWARD_OFFER,Offered payment,Offered payment
QUEST_CREATION_SUPPLIES,Required supplies,Required supplies
QUEST_CREATION_OPTIONAL_SUPPORT,Optional support,Optional support
QUEST_CREATION_REQUIRED_PROFESSION,Required profession: %s,Required profession: %s
QUEST_ROLE_ANY,Any specialist,Any specialist
QUEST_ROLE_HUNTER,Hunter,Hunter
QUEST_ROLE_ADVENTURER,Adventurer,Adventurer
QUEST_ROLE_DELVER,Delver,Delver
QUEST_ROLE_CRAFTER,Crafter,Crafter
QUEST_ROLE_TENDER,Tender,Tender
QUEST_ROLE_SECURITY,Security,Security
QUEST_SUPPORT_SECURITY_NAME,Security escort,Security escort
QUEST_SUPPORT_SECURITY_DESCRIPTION,Assign a security specialist to reduce the chance of a dangerous outcome.,Assign a security specialist to reduce the chance of a dangerous outcome.
QUEST_SUPPORT_AVAILABLE_COUNT,%s available now,%s available now
QUEST_SUPPORT_NONE_AVAILABLE,No specialist available now,No specialist available now
QUEST_SUPPORT_WILL_WAIT,Selected - will wait for a specialist,Selected - will wait for a specialist
QUEST_SUPPORT_RISK_WHEN_SELECTED,Risk with support: %s,Risk with support: %s
QUEST_SUPPORT_DANGER_WEIGHT,Danger weight: %s%%,Danger weight: %s%%
QUEST_SUPPLY_COUNTS,Required: %s | In stock: %s,Required: %s | In stock: %s
QUEST_SUPPLY_EFFECT,Effect: %s,Effect: %s
SETTLEMENT_UPGRADE_CURRENT_LEVEL_LABEL,Current level,Current level
SETTLEMENT_UPGRADE_NEXT_HEADER,Next upgrade,Next upgrade
SETTLEMENT_UPGRADE_NEXT,Upgrade to level %s,Upgrade to level %s
SETTLEMENT_UPGRADE_MAX_LEVEL_HEADER,Fully upgraded,Fully upgraded
SETTLEMENT_UPGRADE_MAX_LEVEL,Settlement is fully upgraded.,Settlement is fully upgraded.
SETTLEMENT_UPGRADE_BUTTON,Upgrade to level %s,Upgrade to level %s
SETTLEMENT_UPGRADE_COMPLETE,Complete,Complete
SETTLEMENT_UPGRADE_REQUIREMENTS_MISSING,Complete the requirements to upgrade.,Complete the requirements to upgrade.
SETTLEMENT_UPGRADE_REQUIREMENTS_HEADER,Requirements,Requirements
SETTLEMENT_UPGRADE_NO_SETTLEMENT,No settlement found.,No settlement found.
SETTLEMENT_UPGRADE_READY,Ready,Ready
SETTLEMENT_UPGRADE_MISSING,Missing,Missing
SETTLEMENT_UPGRADE_UNLOCK_LEVEL_2,Unlocks Alchemist and shipyard construction projects.,Unlocks Alchemist and shipyard construction projects.
SETTLEMENT_UPGRADE_UNLOCK_LEVEL_3,Allows advanced services such as the shipyard to operate.,Allows advanced services such as the shipyard to operate.
SETTLEMENT_SERVICE_BLACKSMITH,Blacksmith,Blacksmith
ADVENTURER_ROSTER_NAME,Name,Name
ADVENTURER_ROSTER_RANK_HEADER,Rank,Rank
ADVENTURER_ROSTER_PROFESSION,Profession,Profession
ADVENTURER_ROSTER_RANK,Rank %s,Rank %s
ADVENTURER_RANK_PROGRESS,%s (%s/%s),%s (%s/%s)
ADVENTURER_RANK_PROGRESS_MAX,%s (max),%s (max)
ADVENTURER_ROSTER_STATUS,Status,Status
ADVENTURER_ROSTER_DETAILS,Details,Details
ADVENTURER_ROSTER_EMPTY,No adventurers waiting.,No adventurers waiting.
FACTION_ROSTER_EMPTY,No adventurers have been recruited.,No adventurers have been recruited.
ADVENTURER_STATUS_AVAILABLE,Available,Available
ADVENTURER_STATUS_ASSIGNED,Assigned,Assigned
NPC_DETAILS_OPEN,Details,Details
NPC_DETAILS_NO_NPC,No adventurer selected.,No adventurer selected.
NPC_EQUIPMENT_HEADER,Equipment,Equipment
NPC_EQUIPMENT_WEAPON,Weapon,Weapon
NPC_EQUIPMENT_ARMOR,Armor,Armor
NPC_EQUIPMENT_TOOL,Tool,Tool
NPC_EQUIPMENT_ACCESSORY,Accessory,Accessory
QUEST_CREATION_CREATE,Create quest,Create quest
QUEST_CREATION_NO_AVAILABLE_QUESTS,No quests are available here.,No quests are available here.
QUEST_CREATION_UNREACHABLE,"No adventurer can reach this location from the settlement yet.","No adventurer can reach this location from the settlement yet."
QUEST_CREATION_NOT_ENOUGH_COINS,Not enough coins for this reward.,Not enough coins for this reward.
QUEST_CREATION_NO_SCOUTING_AVAILABLE,No reachable scouting target is available right now.,No reachable scouting target is available right now.
QUEST_CREATION_SCOUT_FRONTIER,Scout,Scout
QUEST_CREATION_SCOUT_DISTANCE,Distance,Distance
QUEST_CREATION_SCOUT_DIRECTION,Direction,Direction
QUEST_CREATION_INTEREST_NONE,No specialist is available for this order right now.,No specialist is available for this order right now.
QUEST_CREATION_INTEREST_ONE,1 specialist is available for this order now.,1 specialist is available for this order now.
QUEST_CREATION_INTEREST_COUNT,%s specialists are available for this order now.,%s specialists are available for this order now.
QUEST_AUTO_RESOLVE,Auto resolve,Auto resolve
QUEST_REWARD_ITEM_GAINED,+%s %s,+%s %s
QUEST_REWARD_INVENTORY_FULL,%s %s could not fit in the guild warehouse.,%s %s could not fit in the guild warehouse.
QUEST_DETAIL_DURATION_LABEL,Duration,Duration
QUEST_DETAIL_DISTANCE_LABEL,Distance,Distance
QUEST_DETAIL_RISK_LABEL,Risk,Risk
QUEST_DETAIL_REWARD_LABEL,Reward,Reward
QUEST_DETAIL_CONTEXT_LABEL,Context,Context
QUEST_DETAIL_DURATION,%ss,%ss
QUEST_DETAIL_RISK,Risk: %s,Risk: %s
QUEST_DETAIL_EXPECTED_REWARD,Reward: %s,Reward: %s
QUEST_LOCATION_DISTANCE,%s (%s tiles),%s (%s tiles)
QUEST_LOCATION_SCOUT_SELECTED,Scout target: %s (%s tiles),Scout target: %s (%s tiles)
QUEST_LOCATION_SCOUT_BOARD,%s frontier (%s tiles),%s frontier (%s tiles)
QUEST_LOCATION_UNCHARTED_FRONTIER,Uncharted frontier,Uncharted frontier
QUEST_SCOUT_DIRECTION_0,East,East
QUEST_SCOUT_DIRECTION_1,Northeast,Northeast
QUEST_SCOUT_DIRECTION_2,Northwest,Northwest
QUEST_SCOUT_DIRECTION_3,West,West
QUEST_SCOUT_DIRECTION_4,Southwest,Southwest
QUEST_SCOUT_DIRECTION_5,Southeast,Southeast
QUEST_TYPE_FETCH,Fetch,Fetch
QUEST_TYPE_SCOUT,Scout,Scout
QUEST_SCOUT_REPORT_NOTHING,Scouting report: no new territory was found.,Scouting report: no new territory was found.
QUEST_SCOUT_REPORT_TILES,Scouting report: %s new tiles mapped.,Scouting report: %s new tiles mapped.
QUEST_SCOUT_REPORT_DISCOVERIES,Scouting report: %s new tiles mapped. Discovered: %s.,Scouting report: %s new tiles mapped. Discovered: %s.
QUEST_NEW_WORK_AVAILABLE,Report from %s. New work is available on the quest board: %s.,Report from %s. New work is available on the quest board: %s.
QUEST_TYPE_PLANT,Plant,Plant
QUEST_TYPE_WATER,Water,Water
QUEST_TYPE_HARVEST,Harvest,Harvest
QUEST_TYPE_RUSH_HARVEST,Rush harvest,Rush harvest
QUEST_TYPE_CAREFUL_HARVEST,Careful harvest,Careful harvest
QUEST_TYPE_CLEAR,Clear,Clear
QUEST_TYPE_PROSPECT,Prospect,Prospect
QUEST_TYPE_EXTRACT,Extract,Extract
QUEST_TYPE_DEEP_EXTRACT,Deep extract,Deep extract
QUEST_TYPE_STABILIZED_EXTRACT,Stabilized extract,Stabilized extract
QUEST_TYPE_FILL,Fill,Fill
QUEST_TYPE_DRAW_EXTRA,Draw extra,Draw extra
QUEST_TYPE_PURIFY,Purify,Purify
QUEST_TYPE_MAINTAIN,Maintain,Maintain
QUEST_TYPE_REINFORCE,Reinforce,Reinforce
QUEST_TYPE_INVESTIGATE,Investigate,Investigate
QUEST_TYPE_FORAGE,Forage,Forage
QUEST_TYPE_HUNT,Hunt,Hunt
QUEST_TYPE_FELL_TIMBER,Fell timber,Fell timber
QUEST_TYPE_REPLANT,Replant,Replant
QUEST_TYPE_SURVEY,Survey,Survey
QUEST_TYPE_SALVAGE,Salvage,Salvage
QUEST_TYPE_DELVE,Delve,Delve
QUEST_TYPE_SECURE,Secure,Secure
QUEST_RISK_SAFE,Safe,Safe
QUEST_RISK_UNCERTAIN,Uncertain,Uncertain
QUEST_RISK_DANGEROUS,Dangerous,Dangerous
QUEST_RISK_DEPLETES_SITE,Depletes site,Depletes site
QUEST_RISK_LOW_YIELD,Low yield,Low yield
QUEST_REWARD_SEEDS_WOOD,Seeds and light wood,Seeds and light wood
QUEST_REWARD_GAME_MEAT,Game meat,Game meat
QUEST_REWARD_WOOD_SEEDS,Wood and possible seeds,Wood and possible seeds
QUEST_REWARD_LOTS_OF_WOOD,A large wood haul,A large wood haul
QUEST_REWARD_SITE_RECOVERY,Site recovery,Site recovery
QUEST_REWARD_REVEALS_OPTIONS,New ruin options,New ruin options
QUEST_REWARD_COINS_RELICS,Coins and relic fragments,Coins and relic fragments
QUEST_REWARD_DEEP_CACHE,A deep cache,A deep cache
QUEST_REWARD_SAFER_SITE,Safer future quests,Safer future quests
QUEST_REWARD_WATER_BUCKET,A water bucket,A water bucket
QUEST_REWARD_MORE_WATER,Extra water,Extra water
QUEST_REWARD_SOURCE_RECOVERY,Source recovery,Source recovery
QUEST_REWARD_CROP_PROGRESS,Crop progress,Crop progress
QUEST_REWARD_GRAIN_SEEDS,Grain and possible seeds,Grain and possible seeds
QUEST_REWARD_FAST_GRAIN,Fast grain,Fast grain
QUEST_REWARD_MORE_GRAIN_SEEDS,More grain and seeds,More grain and seeds
QUEST_REWARD_CROP_RESET,Cleared field,Cleared field
QUEST_REWARD_REVEALS_VEIN,Reveals a vein,Reveals a vein
QUEST_REWARD_ORE,Ore,Ore
QUEST_REWARD_MORE_ORE,More ore,More ore
QUEST_DESC_FOREST_FORAGE,Gather loose wood and search for usable seeds.,Gather loose wood and search for usable seeds.
QUEST_DESC_FOREST_HUNT,Track game through the forest and bring back fresh meat.,Track game through the forest and bring back fresh meat.
QUEST_DESC_FOREST_HARVEST,Cut usable wood and let the grove regrow later.,Cut usable wood and let the grove regrow later.
QUEST_DESC_FOREST_FELL_TIMBER,Take a larger timber haul and deplete the grove.,Take a larger timber haul and deplete the grove.
QUEST_DESC_FOREST_REPLANT,Spend seeds to restore a depleted grove immediately.,Spend seeds to restore a depleted grove immediately.
QUEST_DESC_RUINS_SURVEY,Map the ruin before committing to riskier work.,Map the ruin before committing to riskier work.
QUEST_DESC_RUINS_SALVAGE,Recover easy valuables and close out the site.,Recover easy valuables and close out the site.
QUEST_DESC_RUINS_DELVE,Push deeper for better finds with a chance of danger.,Push deeper for better finds with a chance of danger.
QUEST_DESC_RUINS_SECURE,Use support beams to make the ruin safer.,Use support beams to make the ruin safer.
QUEST_DESC_WATER_FILL,Fill one bucket from the source.,Fill one bucket from the source.
QUEST_DESC_WATER_DRAW_EXTRA,Draw more water quickly but strain the source.,Draw more water quickly but strain the source.
QUEST_DESC_WATER_PURIFY,Clear a tainted source.,Clear a tainted source.
QUEST_DESC_WATER_MAINTAIN,Restore a strained source.,Restore a strained source.
QUEST_DESC_FARM_PLANT,Sow seeds in a fallow field.,Sow seeds in a fallow field.
QUEST_DESC_FARM_WATER,Water planted crops.,Water planted crops.
QUEST_DESC_FARM_HARVEST,Harvest the crop at a normal pace.,Harvest the crop at a normal pace.
QUEST_DESC_FARM_RUSH_HARVEST,Harvest quickly for a smaller yield.,Harvest quickly for a smaller yield.
QUEST_DESC_FARM_CAREFUL_HARVEST,Take longer to improve the yield and seed return.,Take longer to improve the yield and seed return.
QUEST_DESC_FARM_CLEAR,Clear dead growth from the field.,Clear dead growth from the field.
QUEST_DESC_MINE_PROSPECT,Survey the mine and identify the vein.,Survey the mine and identify the vein.
QUEST_DESC_MINE_EXTRACT,Extract ore with normal risk.,Extract ore with normal risk.
QUEST_DESC_MINE_DEEP_EXTRACT,Push deeper for more ore and more danger.,Push deeper for more ore and more danger.
QUEST_DESC_MINE_STABILIZED_EXTRACT,Spend beams to reduce extraction risk.,Spend beams to reduce extraction risk.
QUEST_DESC_MINE_REINFORCE,Repair an unstable mine shaft.,Repair an unstable mine shaft.
QUEST_DESC_SCOUT,Send a hunter into the wilds. The mapped area and anything found there are revealed when the scout returns.,Send a hunter into the wilds. The mapped area and anything found there are revealed when the scout returns.
QUEST_DETAIL_SCOUT_DISTANCE,%s tiles,%s tiles
QUEST_STATE_WAITING,Waiting,Waiting
QUEST_STATE_EN_ROUTE,En route,En route
QUEST_STATE_IN_PROGRESS,In progress,In progress
QUEST_STATE_RETURNING,Returning,Returning
QUEST_STATE_COMPLETE,Complete,Complete
QUEST_STATE_FAILED,Failed,Failed
QUEST_STATE_CANCELLED,Cancelled,Cancelled
QUEST_POST_LIMIT_REACHED,The active quest limit has been reached.,The active quest limit has been reached.
QUEST_POST_LOCATION_UNAVAILABLE,That location is no longer available for a new quest.,That location is no longer available for a new quest.
QUEST_POST_NOT_ENOUGH_CURRENCY,There is not enough currency to post this quest.,There is not enough currency to post this quest.
QUEST_POST_MISSING_SUPPLIES,The required supplies are no longer available.,The required supplies are no longer available.
QUEST_POST_FAILED,The quest could not be posted. No resources were spent.,The quest could not be posted. No resources were spent.
QUEST_FAILED_MISSING_OBJECTIVE,Quest failed because its objective is no longer available.,Quest failed because its objective is no longer available.
QUEST_FAILED_MISSING_SUPPLIES,Quest failed because its required supplies were missing.,Quest failed because its required supplies were missing.
QUEST_CANCELLED,Quest cancelled.,Quest cancelled.
QUEST_NOTICE_POSTED,%s posted.,%s posted.
QUEST_NOTICE_EN_ROUTE,%s is en route.,%s is en route.
QUEST_NOTICE_IN_PROGRESS,%s is now in progress.,%s is now in progress.
QUEST_NOTICE_RETURNING,%s is returning.,%s is returning.
QUEST_NOTICE_COMPLETE,%s is complete and ready to claim.,%s is complete and ready to claim.
QUEST_NOTICE_FAILED,%s failed: %s,%s failed: %s
QUEST_NOTICE_CANCELLED,%s was cancelled.,%s was cancelled.
OPERATION_RESULT_FAILED,Failed,Failed
QUEST_PARTY_UNASSIGNED,Unassigned,Unassigned
QUEST_PARTY_ONE_ADVENTURER,1 adventurer,1 adventurer
QUEST_PARTY_ADVENTURERS,%s adventurers,%s adventurers
QUEST_PARTY_ONE_HUNTER,1 hunter,1 hunter
QUEST_PARTY_HUNTERS,%s hunters,%s hunters
QUEST_ACTION_CLAIM_REWARD,Claim reward,Claim reward
QUEST_ACTIVE_AT_LOCATION,Current work,Current work
JOURNAL_TITLE,Guild Ledger,Guild Ledger
JOURNAL_CHAPTER_ONE,Chapter I: Restore the Guild Forge,Chapter I: Restore the Guild Forge
JOURNAL_CHAPTER_TWO,Chapter II: Establish a Trade Route,Chapter II: Establish a Trade Route
JOURNAL_CHAPTER_THREE,Chapter III: Earn the Grand Charter,Chapter III: Earn the Grand Charter
JOURNAL_CHAPTER_SELECTOR,Choose a journal chapter,Choose a journal chapter
JOURNAL_PREVIOUS_CHAPTER,Previous chapter,Previous chapter
JOURNAL_NEXT_CHAPTER,Next chapter,Next chapter
JOURNAL_TASK_CRAFT_DOCK_BLUEPRINT,Craft a Dock Blueprint,Craft a Dock Blueprint
JOURNAL_TASK_BUILD_DOCKS,Build docks on the shore,Build docks on the shore
JOURNAL_TASK_DISCOVER_DISTANT_RESOURCE,Discover a distant resource,Discover a distant resource
JOURNAL_TASK_RETURN_WITH_RARE_SUPPLIES,Return with rare supplies,Return with rare supplies
JOURNAL_TASK_FOUND_SECOND_GUILD_OUTPOST,Found a second guild outpost,Found a second guild outpost
JOURNAL_TASK_COMPLETE_REGIONAL_CONTRACTS,Complete regional contracts,Complete regional contracts
JOURNAL_TASK_SECURE_CORE_RESOURCE_SOURCES,"Secure food, timber, and ore sources","Secure food, timber, and ore sources"
JOURNAL_TASK_BECOME_GUILD_AUTHORITY,Become the recognized guild authority,Become the recognized guild authority
ITEM_ANCIENT_COIN_NAME,Ancient coin,Ancient coin
ITEM_ANCIENT_COIN_DESCRIPTION,A worn coin from an older guild age.,A worn coin from an older guild age.
ITEM_RELIC_FRAGMENT_NAME,Relic fragment,Relic fragment
ITEM_RELIC_FRAGMENT_DESCRIPTION,A broken piece of worked metal recovered from old ruins.,A broken piece of worked metal recovered from old ruins.
ITEM_OLD_GUILD_SEAL_NAME,Old guild seal,Old guild seal
ITEM_OLD_GUILD_SEAL_DESCRIPTION,A weathered seal from a guild that once held authority here.,A weathered seal from a guild that once held authority here.
DEPOSIT_COMPLETE_ORDER,Complete order,Complete order
CRAFTING_INGREDIENTS,Ingredients,Ingredients
CRAFTING_RESULT,Result,Result
CRAFTING_CRAFT,Craft item,Craft item
CRAFTING_READY,Ready to craft.,Ready to craft.
MARKET_TAB_BUY,Buy,Buy
MARKET_TAB_SELL,Sell,Sell
MARKET_CURRENCY,Coins,Coins
MARKET_EMPTY_DEFAULT,Your guild warehouse is empty.,Your guild warehouse is empty.
MARKET_EMPTY_NO_STOCK,No market stock available.,No market stock available.
MARKET_EMPTY_SOLD_OUT,The market is sold out.,The market is sold out.
MARKET_EMPTY_NO_PLAYER_INVENTORY,No guild warehouse available.,No guild warehouse available.
MARKET_EMPTY_NOTHING_TO_SELL,You have no items to sell.,You have no items to sell.
MARKET_ITEM_PLACEHOLDER,Item,Item
MARKET_BUY_NOT_ENOUGH_COINS,Not enough coins.,Not enough coins.
MARKET_BUY_INVENTORY_FULL,Inventory full.,Inventory full.
MARKET_BUY_SUCCESS,Bought %sx %s for %s coins.,Bought %sx %s for %s coins.
MARKET_SELL_NOT_ENOUGH_ITEMS,Not enough items to sell.,Not enough items to sell.
MARKET_SELL_REMOVE_FAILED,Could not remove items from inventory.,Could not remove items from inventory.
MARKET_SELL_SUCCESS,Sold %sx %s for %s coins.,Sold %sx %s for %s coins.
CRAFTING_MISSING,Missing: %s,Missing: %s
CRAFTING_SUCCESS,Crafted %s.,Crafted %s.
CRAFTING_INVENTORY_FULL,Inventory is full.,Inventory is full.
CRAFTING_NO_RECIPES,No recipes available.,No recipes available.
CRAFTING_NO_RECIPE_SELECTED,Select a recipe.,Select a recipe.
CRAFTING_NO_INVENTORY,No inventory assigned.,No inventory assigned.
UNKNOWN,Unknown,Unknown
STRUCTURE_FARMLAND_NAME,Farmland,Farmland
STRUCTURE_ANCIENT_RUINS_NAME,Ancient Ruins,Ancient Ruins
STRUCTURE_DOCKS_NAME,Docks,Docks
STRUCTURE_FORGE_NAME,Forge,Forge
STRUCTURE_ALCHEMIST_NAME,Alchemist,Alchemist
STRUCTURE_WHARF_NAME,Wharf,Wharf
STRUCTURE_FOREST_NAME,Forest,Forest
STRUCTURE_LADDER_NAME,Ladder,Ladder
STRUCTURE_LUMBERMILL_NAME,Lumbermill,Lumbermill
STRUCTURE_MINE_POOR_VEIN_NAME,Poor vein,Poor vein
STRUCTURE_MINE_RICH_VEIN_NAME,Rich vein,Rich vein
STRUCTURE_MINE_UNSTABLE_VEIN_NAME,Unstable vein,Unstable vein
STRUCTURE_MINES_NAME,Mine,Mine
STRUCTURE_ORE_DEPOSIT_GOLD_NAME,Gold deposit,Gold deposit
STRUCTURE_ORE_DEPOSIT_IRON_NAME,Iron deposit,Iron deposit
STRUCTURE_SETTLEMENT_NAME,Settlement,Settlement
STRUCTURE_SETTLEMENT_EXPANSION_NAME,Settlement expansion,Settlement expansion
STRUCTURE_WATER_SOURCE_NAME,Well,Well
STRUCTURE_BRIDGE_NAME,Bridge,Bridge
REGION_DESERT_NAME,Desert,Desert
REGION_ANCIENT_RUINS_NAME,Ancient Ruins,Ancient Ruins
REGION_OCEAN_NAME,Ocean,Ocean
REGION_PLAINS_NAME,Plains,Plains
TIME_OF_DAY_DAWN,Dawn,Dawn
TIME_OF_DAY_MORNING,Morning,Morning
TIME_OF_DAY_AFTERNOON,Afternoon,Afternoon
TIME_OF_DAY_DUSK,Dusk,Dusk
TIME_OF_DAY_NIGHT,Night,Night
HUD_TIME_DAY,Day %s,Day %s
HUD_TIME_TOOLTIP,Current day and time,Current day and time
ITEM_CURRENCY_NAME,Coin,Coin
ITEM_CURRENCY_DESCRIPTION,A coin used for trade.,A coin used for trade.
ITEM_COUNT_LABEL,x%s,x%s
ITEM_BUCKET_NAME,Bucket,Bucket
ITEM_BUCKET_DESCRIPTION,An empty bucket that can be filled at a well.,An empty bucket that can be filled at a well.
ITEM_COMPASS_NAME,Compass,Compass
ITEM_COMPASS_DESCRIPTION,A navigational tool for plotting safer routes through unknown lands.,A navigational tool for plotting safer routes through unknown lands.
ITEM_DOCK_BLUEPRINT_NAME,Dock blueprint,Dock blueprint
ITEM_DOCK_BLUEPRINT_DESCRIPTION,A plan for building docks.,A plan for building docks.
ITEM_FORGE_BLUEPRINT_NAME,Forge blueprint,Forge blueprint
ITEM_FORGE_BLUEPRINT_DESCRIPTION,A plan for placing the settlement forge.,A plan for placing the settlement forge.
ITEM_ALCHEMIST_BLUEPRINT_NAME,Alchemist blueprint,Alchemist blueprint
ITEM_ALCHEMIST_BLUEPRINT_DESCRIPTION,A plan for constructing an Alchemist inside a level 2 settlement.,A plan for constructing an Alchemist inside a level 2 settlement.
ITEM_WHARF_BLUEPRINT_NAME,Wharf blueprint,Wharf blueprint
ITEM_WHARF_BLUEPRINT_DESCRIPTION,A plan for placing the settlement wharf.,A plan for placing the settlement wharf.
ITEM_BRIDGE_BLUEPRINT_NAME,Bridge blueprint,Bridge blueprint
ITEM_BRIDGE_BLUEPRINT_DESCRIPTION,A plan for building a bridge across elevated banks.,A plan for building a bridge across elevated banks.
ITEM_ORE_GOLD_NAME,Gold ore,Gold ore
ITEM_ORE_GOLD_DESCRIPTION,Raw gold ore.,Raw gold ore.
ITEM_ORE_IRON_NAME,Iron ore,Iron ore
ITEM_ORE_IRON_DESCRIPTION,Raw iron ore.,Raw iron ore.
ITEM_GRAIN_NAME,Grain,Grain
ITEM_GRAIN_DESCRIPTION,A harvested crop used for food or seed.,A harvested crop used for food or seed.
ITEM_GAME_MEAT_NAME,Game meat,Game meat
ITEM_GAME_MEAT_DESCRIPTION,Fresh meat brought back by hunters for food or cooking.,Fresh meat brought back by hunters for food or cooking.
ITEM_SEED_POUCH_NAME,Grain seeds,Grain seeds
ITEM_SEED_POUCH_DESCRIPTION,Seeds found in forests or crafted from grain; used for planting farmland.,Seeds found in forests or crafted from grain; used for planting farmland.
ITEM_SETTLEMENT_EXPANSION_PERMIT_NAME,Settlement expansion permit,Settlement expansion permit
ITEM_SETTLEMENT_EXPANSION_PERMIT_DESCRIPTION,A marker that expands a settlement by one adjacent tile.,A marker that expands a settlement by one adjacent tile.
ITEM_SUPPORT_BEAMS_NAME,Support beams,Support beams
ITEM_SUPPORT_BEAMS_DESCRIPTION,Wooden beams used to reinforce unstable structures.,Wooden beams used to reinforce unstable structures.
ITEM_WATER_BUCKET_NAME,Water bucket,Water bucket
ITEM_WATER_BUCKET_DESCRIPTION,A bucket of water for tending crops.,A bucket of water for tending crops.
ITEM_WOOD_LOG_NAME,Processed wood,Processed wood
ITEM_WOOD_LOG_DESCRIPTION,Wood prepared for building.,Wood prepared for building.
ITEM_WOOD_RAW_NAME,Raw wood,Raw wood
ITEM_WOOD_RAW_DESCRIPTION,Freshly gathered wood.,Freshly gathered wood.
NPC_PROFESSION,Profession,Profession
NPC_ROLE,Role,Role
NPC_TRAITS,Traits,Traits
NPC_PROFESSION_GENERALIST,Generalist,Generalist
NPC_ROLE_ADVENTURER,Adventurer,Adventurer
NPC_TRAITS_NONE,None,None
NPC_EARNINGS,Earnings,Earnings
GUILD_STANDING_SUMMARY,Rep %s | Notoriety %s,Rep %s | Notoriety %s
GUILD_STANDING_HEADER,Guild standing,Guild standing
GUILD_REPUTATION_LABEL,Reputation,Reputation
GUILD_NOTORIETY_LABEL,Notoriety,Notoriety
GUILD_HUD_REPUTATION,Rep: %s,Rep: %s
GUILD_HUD_NOTORIETY,Notoriety: %s,Notoriety: %s
GUILD_REPUTATION,Reputation: %s,Reputation: %s
GUILD_NOTORIETY,Notoriety: %s,Notoriety: %s
GUILD_STEWARDSHIP,Regional care: %s,Regional care: %s
GUILD_REGIONAL_HAZARD,Regional danger: %s,Regional danger: %s
GUILD_COMPLETED_MISSIONS,Completed missions: %s,Completed missions: %s
GUILD_STANDING_DETAILS,Reputation: %s · Notoriety: %s · Regional care: %s · Regional danger: %s · Completed missions: %s,Reputation: %s · Notoriety: %s · Regional care: %s · Regional danger: %s · Completed missions: %s
QUEST_TYPE_DEEPEN,Deepen mine,Deepen mine
QUEST_DESC_MINE_DEEPEN,Spend supplies to open a deeper level with richer ore and greater collapse risk.,Spend supplies to open a deeper level with richer ore and greater collapse risk.
QUEST_REWARD_MINE_DEEPER,A deeper and richer mine,A deeper and richer mine
QUEST_MINE_DEEPENED,Mine deepened to level %s.,Mine deepened to level %s.
QUEST_MINE_NEXT_DEPTH,level %s,level %s
QUEST_MINE_DEPTH_STATUS,Current mine depth: %s/%s,Current mine depth: %s/%s
QUEST_PARTY_WITH_PAYMENT,%s · Pay: %s,%s · Pay: %s
QUEST_PAYMENT_OFFERED,Payment: %s,Payment: %s
JOURNAL_TASK_DEEPEN_A_MINE,Deepen a mine to level 2,Deepen a mine to level 2
JOURNAL_TASK_REACH_SETTLEMENT_LEVEL_3,Upgrade the settlement to level 3,Upgrade the settlement to level 3
JOURNAL_TASK_RAISE_GUILD_REPUTATION,Reach 10 guild reputation,Reach 10 guild reputation
JOURNAL_TASK_GAIN_GUILD_NOTORIETY,Gain 5 fame,Gain 5 fame
HUB_OPERATIONS_TITLE,Hub operations,Hub operations
HUB_OPERATIONS_SUBTITLE,Keep track of the work being done by each faction.,Keep track of the work being done by each faction.
HUB_FACTIONS_HEADER,Factions,Factions
HUB_ACTIVE_OPERATIONS,Active operations,Active operations
HUB_COMPLETED_OPERATIONS,Completed operations: %s,Completed operations: %s
HUB_MEMBER_ACTIVITY,Member activity,Member activity
HUB_GUILD_MEMBERS,Guild members,Guild members
HUB_ACTIVITY_NAME,Name,Name
HUB_ACTIVITY_ROLE,Role,Role
HUB_ACTIVITY_STATUS,Activity,Activity
HUB_NO_FACTION_MEMBERS,No faction members,No faction members
HUB_NO_ACTIVE_OPERATIONS,No active operations,No active operations
HUB_NO_ACTIVE_OPERATIONS_FACTION,No active operations for this faction,No active operations for this faction
HUB_UNKNOWN_LOCATION,Unknown location,Unknown location
HUB_PARTY_LABEL,Party: %s,Party: %s
HUB_OPERATION_DETAIL,%s - %s,%s - %s
HUB_MEMBER_AVAILABILITY,%s available | %s working | %s recovering,%s available | %s working | %s recovering
HUB_ACTIVITY_COMPLETED,Completed: %s,Completed: %s
HUB_UNKNOWN_OPERATION,Unknown operation,Unknown operation
HUB_RECENT_ACTIVITY,Recent activity,Recent activity
HUB_NO_ACTIVITY,No recent activity,No recent activity
FACTION_HUNTERS_NAME,Hunters,Hunters
FACTION_ADVENTURERS_NAME,Adventurers,Adventurers
FACTION_CRAFTERS_NAME,Crafters,Crafters
FACTION_TENDERS_NAME,Tenders,Tenders
FACTION_HUNTERS_HOME_NAME,Hunters' lodge,Hunters' lodge
FACTION_ADVENTURERS_HOME_NAME,Adventurers' barracks,Adventurers' barracks
FACTION_CRAFTERS_HOME_NAME,Crafters' workshop,Crafters' workshop
FACTION_TENDERS_HOME_NAME,Tenders' mill,Tenders' mill
GUILD_HALL_NAME,Guild Hall,Guild Hall
HUB_FACTION_ROLES_LABEL,Roles,Roles
HUB_FACTION_RESPONSIBILITIES_LABEL,Responsibilities,Responsibilities
NPC_STATUS_AVAILABLE,Available,Available
NPC_STATUS_RESTING,Resting (%ss),Resting (%ss)
NPC_STATUS_READY_TO_MOVE,Preparing,Preparing
NPC_STATUS_MOVING_TO_QUEST,Travelling to quest,Travelling to quest
NPC_STATUS_AT_QUEST,At quest site,At quest site
NPC_STATUS_RETURNING,Returning to tavern,Returning to tavern
NPC_STATUS_DONE,At tavern,At tavern
NPC_STATUS_RETURNING_HOME,Returning to faction home,Returning to faction home
OPERATION_STATE_WAITING,Waiting,Waiting
OPERATION_STATE_EN_ROUTE,En route,En route
OPERATION_STATE_IN_PROGRESS,In progress,In progress
OPERATION_STATE_RETURNING,Returning,Returning
OPERATION_STATE_COMPLETE,Complete,Complete
OPERATION_STATE_FAILED,Failed,Failed
OPERATION_STATE_CANCELLED,Cancelled,Cancelled
OPERATION_ACTIVITY_IDLE,Idle,Idle
OPERATION_ACTIVITY_WAITING,Waiting for a member,Waiting for a member
OPERATION_ACTIVITY_EN_ROUTE,Travelling to site,Travelling to site
OPERATION_ACTIVITY_IN_PROGRESS,Working at site,Working at site
OPERATION_ACTIVITY_RETURNING,Returning to tavern,Returning to tavern
OPERATION_ACTIVITY_FAILED,Operation failed,Operation failed
OPERATION_ACTIVITY_CANCELLED,Operation cancelled,Operation cancelled
OPERATION_ACTIVITY_COMPLETE,Complete,Complete
OPERATION_UNASSIGNED,Unassigned,Unassigned
INVENTORY,Inventory,Inventory
JOURNAL,Journal,Journal
OPERATIONS,Operations,Operations
QUEST_DESC_FOREST_SECURE,Drive the reported monsters out of the forest so normal work can resume.,Drive the reported monsters out of the forest so normal work can resume.
QUEST_REWARD_SAFE_FOREST,Restores safe access to the forest,Restores safe access to the forest
QUEST_REPORT_HUNT_SUCCESS,The hunters returned with fresh game meat.,The hunters returned with fresh game meat.
QUEST_REPORT_HUNT_INTERRUPTED,The hunt was interrupted by monsters. The forest now needs security.,The hunt was interrupted by monsters. The forest now needs security.
QUEST_REPORT_FOREST_SECURED,Security drove the monsters out of the forest.,Security drove the monsters out of the forest.
QUEST_REPORT_SECURITY_SETBACK,Security could not clear the site and returned to recover.,Security could not clear the site and returned to recover.
QUEST_REPORT_RUINS_SURVEYED,The survey team returned with its report on the ruins.,The survey team returned with its report on the ruins.
QUEST_REPORT_RUINS_DELVE_SUCCESS,The expedition cleared the ruins and recovered its finds.,The expedition cleared the ruins and recovered its finds.
QUEST_REPORT_RUINS_DELVE_SETBACK,The expedition was forced back. The ruins remain dangerous.,The expedition was forced back. The ruins remain dangerous.
QUEST_REPORT_RUINS_SECURED,Security made the ruins safe for future expeditions.,Security made the ruins safe for future expeditions.
QUEST_REPORT_MONSTER_SPOTTED,The returning party reports %s at the site (difficulty %s).,The returning party reports %s at the site (difficulty %s).
QUEST_CONTEXT_THREAT_UNKNOWN,Threats have not been confirmed yet.,Threats have not been confirmed yet.
QUEST_CONTEXT_NO_MONSTER_OCCUPATION,No monster occupation was found.,No monster occupation was found.
QUEST_CONTEXT_SITE_SECURED,Security has cleared this site.,Security has cleared this site.
QUEST_CONTEXT_MONSTER_OCCUPATION,%s | Difficulty %s,%s | Difficulty %s
MONSTER_PROWLING_WOLVES_NAME,Prowling wolves,Prowling wolves
MONSTER_PROWLING_WOLVES_DESCRIPTION,A hungry wolf pack has claimed the surrounding hunting grounds.,A hungry wolf pack has claimed the surrounding hunting grounds.
MONSTER_RUIN_SPIDERS_NAME,Ruin spiders,Ruin spiders
MONSTER_RUIN_SPIDERS_DESCRIPTION,A colony of oversized spiders has webbed over the site's deepest passages.,A colony of oversized spiders has webbed over the site's deepest passages.
MONSTER_GOBLIN_RAIDERS_NAME,Goblin raiders,Goblin raiders
MONSTER_GOBLIN_RAIDERS_DESCRIPTION,An organized raiding band is using the location as a fortified hideout.,An organized raiding band is using the location as a fortified hideout.
ITEM_TRAVEL_RATIONS_NAME,Travel rations,Travel rations
ITEM_TRAVEL_RATIONS_DESCRIPTION,A prepared meal made from game meat and grain. Injured adventurers consume one to recover faster.,A prepared meal made from game meat and grain. Injured adventurers consume one to recover faster.
NPC_STATUS_RECOVERING_INJURY,Recovering from injury (%ss),Recovering from injury (%ss)
NPC_INJURY_RECOVERY_NOTICE,%s was injured and needs %ss to recover at the tavern.,%s was injured and needs %ss to recover at the tavern.
NPC_INJURY_RATION_NOTICE,%s was injured. A travel ration reduced recovery to %ss.,%s was injured. A travel ration reduced recovery to %ss.
ITEM_WORK_SUPPLIES_NAME,Work supplies,Work supplies
ITEM_WORK_SUPPLIES_DESCRIPTION,Replacement tools and fasteners assembled by Crafters for demanding jobs.,Replacement tools and fasteners assembled by Crafters for demanding jobs.
ITEM_HUNTING_TRAPS_NAME,Hunting traps,Hunting traps
ITEM_HUNTING_TRAPS_DESCRIPTION,Reusable parts assembled into traps and consumed when a trap line is established.,Reusable parts assembled into traps and consumed when a trap line is established.
QUEST_TYPE_TRAP_HUNT,Lay hunting traps,Lay hunting traps
QUEST_DESC_FOREST_TRAP_HUNT,Establish a prepared trap line to bring back more game meat than a normal hunt.,Establish a prepared trap line to bring back more game meat than a normal hunt.
QUEST_REWARD_LARGE_GAME_MEAT,A large supply of game meat,A large supply of game meat
QUEST_REPORT_TRAP_HUNT_SUCCESS,The hunters returned after checking the trap line with a large supply of game meat.,The hunters returned after checking the trap line with a large supply of game meat.
QUEST_SUPPLY_EFFECT_TRAPS_HUNT,Consumed while establishing the trap line and increases the potential meat yield.,Consumed while establishing the trap line and increases the potential meat yield.
QUEST_TYPE_REOPEN_MINE,Open a new mine shaft,Open a new mine shaft
QUEST_DESC_MINE_REOPEN,Use structural materials to open a deeper shaft after the current vein is exhausted.,Use structural materials to open a deeper shaft after the current vein is exhausted.
QUEST_REWARD_NEW_VEIN,A deeper area that can be prospected,A deeper area that can be prospected
QUEST_SUPPLY_EFFECT_BEAMS_REOPEN_MINE,Supports the new shaft and prevents it from collapsing during construction.,Supports the new shaft and prevents it from collapsing during construction.
QUEST_SUPPLY_EFFECT_WORK_REOPEN_MINE,Provides the replacement tools and fasteners needed to open the shaft.,Provides the replacement tools and fasteners needed to open the shaft.
QUEST_SUPPLY_EFFECT_WORK_FELL_TIMBER,Replaces worn tools after intensive timber work.,Replaces worn tools after intensive timber work.
QUEST_SUPPLY_EFFECT_WORK_MAINTAIN_WATER,Provides replacement parts for repairing the water source.,Provides replacement parts for repairing the water source.
QUEST_SUPPLY_EFFECT_WORK_SALVAGE_RUINS,Provides tools and packing material for recovering fragile finds.,Provides tools and packing material for recovering fragile finds.
QUEST_MINE_REOPENED,The new shaft reached mine depth %s.,The new shaft reached mine depth %s.
QUEST_SUPPLY_EFFECT_SEEDS_PLANTING,Plants the field and starts its crop cycle.,Plants the field and starts its crop cycle.
QUEST_SUPPLY_EFFECT_WATER_CROPS,Waters the planted crop so it can become ready to harvest.,Waters the planted crop so it can become ready to harvest.
QUEST_SUPPLY_EFFECT_SEEDS_REPLANTING,Restores a depleted grove immediately.,Restores a depleted grove immediately.
QUEST_SUPPLY_EFFECT_BUCKET_FILL,The empty bucket is filled and returned as stored water.,The empty bucket is filled and returned as stored water.
QUEST_SUPPLY_EFFECT_BUCKET_DRAW_EXTRA,The empty bucket is used to bring back extra water while straining the source.,The empty bucket is used to bring back extra water while straining the source.
QUEST_SUPPLY_EFFECT_BEAMS_STABILIZED_EXTRACT,Reduces the mine's collapse and exhaustion risk for this extraction.,Reduces the mine's collapse and exhaustion risk for this extraction.
QUEST_SUPPLY_EFFECT_BEAMS_REINFORCE_MINE,Repairs the unstable mine so extraction can resume.,Repairs the unstable mine so extraction can resume.
QUEST_SUPPLY_EFFECT_BEAMS_DEEPEN_MINE,Supports the new shaft while the mine is deepened.,Supports the new shaft while the mine is deepened.
QUEST_SUPPLY_EFFECT_WOOD_DEEPEN_MINE,Provides additional structure for each existing mine depth.,Provides additional structure for each existing mine depth.
QUEST_SUPPLY_EFFECT_BEAMS_SECURE_RUINS,Stabilizes dangerous passages while security clears the ruins.,Stabilizes dangerous passages while security clears the ruins.
WINDOW_TAVERN_RECRUITMENT,Tavern,Tavern
RECRUITMENT_VISITORS_HEADER,Visiting recruits,Visiting recruits
RECRUITMENT_VISITORS_DESCRIPTION,Travellers looking for guild work gather at the tavern. Hire them to send them to the appropriate faction home.,Travellers looking for guild work gather at the tavern. Hire them to send them to the appropriate faction home.
RECRUITMENT_VISITOR_COUNT,Visitors: %s / %s,Visitors: %s / %s
RECRUITMENT_NEXT_ARRIVAL,Next visitor in %s operations,Next visitor in %s operations
RECRUITMENT_FACTION_HEADER,Faction,Faction
RECRUITMENT_RANK_HEADER,Rank,Rank
RECRUITMENT_COST_HEADER,Cost,Cost
RECRUITMENT_NO_VISITORS,No recruits are currently staying at the tavern.,No recruits are currently staying at the tavern.
RECRUITMENT_REFRESH_HINT,Pay to replace the current visitors. New arrivals otherwise appear as the guild completes operations.,Pay to replace the current visitors. New arrivals otherwise appear as the guild completes operations.
RECRUITMENT_REFRESH_BUTTON,Find new recruits (%s),Find new recruits (%s)
RECRUITMENT_ROLE_LINE,%s • %s,%s • %s
RECRUITMENT_ROLE_TOOLTIP,Role: %s,Role: %s
RECRUITMENT_TRAITS_LINE,Traits: %s,Traits: %s
RECRUITMENT_PREFERS_LINE,Prefers: %s,Prefers: %s
RECRUITMENT_NO_PREFERENCES,General work,General work
RECRUITMENT_RANK_LINE,Rank %s,Rank %s
RECRUITMENT_COST_LINE,%s coins,%s coins
RECRUITMENT_HIRE,Hire,Hire
RECRUITMENT_HIRE_TOOLTIP,Hire this recruit and add them to the Guild Hall roster.,Hire this recruit and add them to the Guild Hall roster.
RECRUITMENT_REFRESH_TOOLTIP,Replace every current visitor with a new group.,Replace every current visitor with a new group.
RECRUITMENT_ERROR_CANDIDATE_UNAVAILABLE,This recruit is no longer available.,This recruit is no longer available.
RECRUITMENT_ERROR_NO_FACTION_HOME,The Guild Hall is not available.,The Guild Hall is not available.
RECRUITMENT_ERROR_FACTION_FULL,The Guild Hall has reached its roster capacity.,The Guild Hall has reached its roster capacity.
RECRUITMENT_ERROR_NOT_ENOUGH_CURRENCY,The guild does not have enough coins.,The guild does not have enough coins.
RECRUITMENT_ERROR_HIRE_FAILED,The recruit could not join the guild.,The recruit could not join the guild.
RECRUITMENT_ERROR_REFRESH_UNAVAILABLE,The visitor list cannot be refreshed right now.,The visitor list cannot be refreshed right now.
RECRUITMENT_ERROR_NO_RECRUITS_AVAILABLE,No suitable recruits can reach the settlement yet.,No suitable recruits can reach the settlement yet.
RECRUITMENT_HIRE_SUCCESS,%s has joined the settlement.,%s has joined the settlement.
RECRUITMENT_REFRESH_SUCCESS,New visitors have arrived at the tavern.,New visitors have arrived at the tavern.
RECRUITMENT_HIRED_NOTICE,%s joined the %s.,%s joined the %s.
RECRUITMENT_NEW_VISITOR_NOTICE,A new recruit is waiting at the tavern.,A new recruit is waiting at the tavern.
UI_LABEL_VALUE,%s: %s,%s: %s
UI_HEADING,%s:,%s:
NPC_PROFESSION_SCOUT,Scout,Scout
NPC_PROFESSION_MINER,Miner,Miner
NPC_PROFESSION_CRAFTER,Crafter,Crafter
NPC_PROFESSION_WARDEN,Warden,Warden
NPC_ROLE_PATHFINDER,Pathfinder,Pathfinder
NPC_ROLE_DELVER,Delver,Delver
NPC_ROLE_CRAFTSPERSON,Craftsperson,Craftsperson
NPC_ROLE_TENDER,Tender,Tender
NPC_TRAIT_CURIOUS,Curious,Curious
NPC_TRAIT_BRAVE,Brave,Brave
NPC_TRAIT_STOUT,Stout,Stout
NPC_TRAIT_GREEDY,Greedy,Greedy
NPC_TRAIT_GREEN_THUMB,Green thumb,Green thumb
NPC_TRAIT_CAUTIOUS,Cautious,Cautious
FACTION_HUNTERS_RESPONSIBILITY_EXPLORE,Explore and map new locations,Explore and map new locations
FACTION_HUNTERS_RESPONSIBILITY_SURVEY,Survey unfamiliar sites,Survey unfamiliar sites
FACTION_HUNTERS_RESPONSIBILITY_HUNT,Hunt game and supply food,Hunt game and supply food
FACTION_ADVENTURERS_RESPONSIBILITY_SECURITY,Handle dangerous locations,Handle dangerous locations
FACTION_ADVENTURERS_RESPONSIBILITY_EXPEDITIONS,Explore ruins and work mines,Explore ruins and work mines
FACTION_CRAFTERS_RESPONSIBILITY_EQUIPMENT,Turn materials into equipment,Turn materials into equipment
FACTION_CRAFTERS_RESPONSIBILITY_SUPPLIES,Maintain guild supplies,Maintain guild supplies
FACTION_TENDERS_RESPONSIBILITY_SETTLEMENT,Maintain the settlement,Maintain the settlement
FACTION_TENDERS_RESPONSIBILITY_STEWARDSHIP,Support farming and water,Support farming and water
HUB_ACTIVITY_OPERATION_STATE,%s: %s,%s: %s
HUB_MEMBER_ACTIVITY_QUEST,%s: %s,%s: %s
HUB_STOCKPILE_EMPTY,Stockpile: empty,Stockpile: empty
HUB_STOCKPILE_SUMMARY,Stockpile: %s,Stockpile: %s
OPERATION_RESULT_COMPLETED,Completed,Completed
SPOT_STAGE_UNKNOWN,Unknown,Unknown
SPOT_STAGE_MAPPED,Mapped,Mapped
SPOT_STAGE_SURVEYED,Surveyed,Surveyed
SPOT_STAGE_DANGEROUS,Dangerous,Dangerous
SPOT_STAGE_SECURED,Secured,Secured
SPOT_STAGE_CLEARED,Cleared,Cleared
SPOT_STAGE_AVAILABLE,Available,Available
SPOT_STAGE_EXHAUSTED,Exhausted,Exhausted
SPOT_STAGE_INFESTED,Infested,Infested
SCENE_HEX_GRASS_SLOPE_HALF_NAME,Grass slope,Grass slope
SCENE_HUB_WINDOW_NAME,Guild hub,Guild hub
SCENE_NPC_DETAILS_UI_NAME,Adventurer details,Adventurer details
SCENE_SETTLEMENT_UPGRADE_UI_NAME,Settlement upgrade,Settlement upgrade
SCENE_TAVERN_RECRUITMENT_UI_NAME,Tavern,Tavern
JOURNAL_TASK_OPEN_BLACKSMITH,Open the blacksmith,Open the blacksmith
NPC_GENERATED_NAME_NUMBERED,%s %s,%s %s
NPC_GENERATED_NAME_FALLBACK,Adventurer %s,Adventurer %s
ITEM_IRON_BLADE_NAME,Iron blade,Iron blade
ITEM_IRON_BLADE_DESCRIPTION,A dependable weapon that improves combat operations and reduces their danger.,A dependable weapon that improves combat operations and reduces their danger.
ITEM_REINFORCED_ARMOR_NAME,Reinforced armor,Reinforced armor
ITEM_REINFORCED_ARMOR_DESCRIPTION,Heavy protection that greatly reduces injury and death on dangerous operations.,Heavy protection that greatly reduces injury and death on dangerous operations.
ITEM_FIELD_KIT_NAME,Field kit,Field kit
ITEM_FIELD_KIT_DESCRIPTION,Specialist tools that improve gathering construction and maintenance operations.,Specialist tools that improve gathering construction and maintenance operations.
EQUIPMENT_SLOT_LINE,Slot: %s,Slot: %s
EQUIPMENT_TIER_LINE,Tier: %s,Tier: %s
EQUIPMENT_TIER_STANDARD,Standard,Standard
EQUIPMENT_TIER_FINE,Fine,Fine
EQUIPMENT_TIER_RELIC,Relic,Relic
EQUIPMENT_SUCCESS_LINE,Successful outcomes: +%s%% weight,Successful outcomes: +%s%% weight
EQUIPMENT_DANGER_LINE,Dangerous outcomes: -%s%% weight,Dangerous outcomes: -%s%% weight
EQUIPMENT_INJURY_LINE,Injury chance after danger: -%s%%,Injury chance after danger: -%s%%
EQUIPMENT_DEATH_LINE,Death chance after danger: -%s%%,Death chance after danger: -%s%%
EQUIPMENT_SCOUTING_LINE,Scouting reveal radius: +%s,Scouting reveal radius: +%s
EQUIPMENT_EFFECTIVE_FOR_LINE,Operation bonus: %s,Operation bonus: %s
QUEST_MEMBER_INJURED,%s was injured.,%s was injured.
QUEST_MEMBER_DIED,%s died from injuries sustained during the operation.,%s died from injuries sustained during the operation.
EQUIPMENT_LOCKED_WHILE_ASSIGNED,Equipment cannot be changed while this adventurer is assigned.,Equipment cannot be changed while this adventurer is assigned.
ITEM_HUNTSMAN_SABER_NAME,Huntsman's saber,Huntsman's saber
ITEM_HUNTSMAN_SABER_DESCRIPTION,A balanced fine blade recovered from successful hunts and suited to dangerous combat.,A balanced fine blade recovered from successful hunts and suited to dangerous combat.
ITEM_SUNSTEEL_BLADE_NAME,Sunsteel blade,Sunsteel blade
ITEM_SUNSTEEL_BLADE_DESCRIPTION,A relic weapon whose edge turns the most dangerous expeditions in its wielder's favor.,A relic weapon whose edge turns the most dangerous expeditions in its wielder's favor.
ITEM_DELVERS_HARNESS_NAME,Delver's harness,Delver's harness
ITEM_DELVERS_HARNESS_DESCRIPTION,Fine reinforced protection designed to keep explorers alive underground.,Fine reinforced protection designed to keep explorers alive underground.
ITEM_AEGIS_PLATE_NAME,Aegis plate,Aegis plate
ITEM_AEGIS_PLATE_DESCRIPTION,Relic armor offering exceptional protection against injury and death.,Relic armor offering exceptional protection against injury and death.
ITEM_SURVEYORS_TOOLS_NAME,Surveyor's tools,Surveyor's tools
ITEM_SURVEYORS_TOOLS_DESCRIPTION,Fine instruments for mines surveys ruins and extraction work.,Fine instruments for mines surveys ruins and extraction work.
ITEM_MASTERWORK_KIT_NAME,Masterwork kit,Masterwork kit
ITEM_MASTERWORK_KIT_DESCRIPTION,A relic-grade collection of adaptable tools for demanding operations.,A relic-grade collection of adaptable tools for demanding operations.
ITEM_WAYFINDER_CHARM_NAME,Wayfinder charm,Wayfinder charm
ITEM_WAYFINDER_CHARM_DESCRIPTION,A fine charm that guides explorers through ruins and unfamiliar ground.,A fine charm that guides explorers through ruins and unfamiliar ground.
ITEM_ANCIENT_COMPASS_NAME,Ancient compass,Ancient compass
ITEM_ANCIENT_COMPASS_DESCRIPTION,A relic compass that reveals distant terrain and guides expeditions away from danger.,A relic compass that reveals distant terrain and guides expeditions away from danger.
EQUIPMENT_DURATION_LINE,Operation duration: -%s%%,Operation duration: -%s%%
EQUIPMENT_LOOT_LINE,Resource yield: +%s%%,Resource yield: +%s%%
QUEST_TYPE_RECOVER_EQUIPMENT,Recover lost equipment,Recover lost equipment
QUEST_DESC_RECOVER_EQUIPMENT,Return to the site and retrieve equipment left behind by fallen adventurers.,Return to the site and retrieve equipment left behind by fallen adventurers.
QUEST_REWARD_LOST_EQUIPMENT,All equipment currently left at this location,All equipment currently left at this location
QUEST_OUTCOME_RECOVER_EQUIPMENT_SAFE,The recovery party retrieved the abandoned equipment.,The recovery party retrieved the abandoned equipment.
QUEST_OUTCOME_RECOVER_EQUIPMENT_DANGER,The equipment was recovered but the party encountered danger at the site.,The equipment was recovered but the party encountered danger at the site.
QUEST_EQUIPMENT_LEFT_BEHIND,%s's equipment was left behind and can be recovered at the objective.,%s's equipment was left behind and can be recovered at the objective.
QUEST_RECOVERY_CONTEXT,Equipment left by: %s,Equipment left by: %s
NPC_INJURIES,Injuries,Injuries
NPC_INJURIES_NONE,None,None
NPC_STATUS_TOO_INJURED,Too injured for duty,Too injured for duty
NPC_CAREER_REMAINING,Retirement in approximately %s seconds,Retirement in approximately %s seconds
NPC_CAREER_UNLIMITED,Automatic retirement disabled,Automatic retirement disabled
NPC_RETIRE_BUTTON,Retire adventurer,Retire adventurer
NPC_RETIRE_INJURED_BUTTON,Retire severely injured adventurer,Retire severely injured adventurer
NPC_RETIRED_NOTICE,%s retired from the guild.,%s retired from the guild.
NPC_RETIRED_AGE_NOTICE,%s retired after a long career.,%s retired after a long career.
INJURY_SPRAIN_NAME,Sprain,Sprain
INJURY_SPRAIN_DESCRIPTION,Slows operations and slightly reduces effectiveness until treated.,Slows operations and slightly reduces effectiveness until treated.
INJURY_DEEP_WOUND_NAME,Deep wound,Deep wound
INJURY_DEEP_WOUND_DESCRIPTION,A severe wound that substantially increases danger and mortality.,A severe wound that substantially increases danger and mortality.
INJURY_CONCUSSION_NAME,Concussion,Concussion
INJURY_CONCUSSION_DESCRIPTION,Reduces effectiveness speed and gathered resources.,Reduces effectiveness speed and gathered resources.
INJURY_TRAUMA_NAME,Trauma,Trauma
INJURY_TRAUMA_DESCRIPTION,Makes future dangerous operations harder to endure.,Makes future dangerous operations harder to endure.
SCENE_ALCHEMIST_UI_NAME,Alchemist,Alchemist
ALCHEMIST_CURRENCY,Guild funds: %s,Guild funds: %s
ALCHEMIST_PATIENTS_HEADER,Treatment,Treatment
ALCHEMIST_RELICS_HEADER,Relic enchantment,Relic enchantment
ALCHEMIST_NO_PATIENTS,No adventurers currently require treatment.,No adventurers currently require treatment.
ALCHEMIST_NO_RELICS,No unequipped relics are available to enchant.,No unequipped relics are available to enchant.
ALCHEMIST_TREAT_BUTTON,Treat (%s),Treat (%s)
ALCHEMIST_ENCHANT_BUTTON,Re-enchant (%s),Re-enchant (%s)
ALCHEMIST_TREATMENT_SUCCESS,Treatment completed.,Treatment completed.
ALCHEMIST_ENCHANT_SUCCESS,The relic received new properties.,The relic received new properties.
ALCHEMIST_ACTION_FAILED,The service could not be completed. Check guild funds and availability.,The service could not be completed. Check guild funds and availability.
ALCHEMIST_TREATMENT_NOTICE,%s was treated for %s.,%s was treated for %s.
ALCHEMIST_ENCHANT_NOTICE,%s received new enchantments.,%s received new enchantments.
WINDOW_ALCHEMIST,Alchemist,Alchemist
ALCHEMIST_SERVICES_TITLE,Apothecary services,Apothecary services
ALCHEMIST_SERVICES_DESCRIPTION,Treat persistent injuries or re-attune recovered relics. Hover a service for its full effects.,Treat persistent injuries or re-attune recovered relics. Hover a service for its full effects.
ALCHEMIST_TREATMENT_DESCRIPTION,Injured adventurers can be treated while they are not assigned to an operation.,Injured adventurers can be treated while they are not assigned to an operation.
ALCHEMIST_ENCHANTMENT_DESCRIPTION,Re-attuning replaces a relic's current random properties with a new pair.,Re-attuning replaces a relic's current random properties with a new pair.
ALCHEMIST_AVAILABLE_COUNT,%s available,%s available
ALCHEMIST_COST,%s coins,%s coins
ALCHEMIST_TREAT_ACTION,Treat,Treat
ALCHEMIST_ENCHANT_ACTION,Re-attune,Re-attune
ALCHEMIST_INJURY_BADGE,S%s,S%s
ALCHEMIST_INJURY_DETAIL,%s · Severity %s,%s · Severity %s
ALCHEMIST_RELIC_DETAIL,%s · %s,%s · %s
ALCHEMIST_RELIC_UNATTUNED,Unattuned,Unattuned
ALCHEMIST_PATIENT_ASSIGNED,This adventurer must return before treatment.,This adventurer must return before treatment.
ALCHEMIST_NOT_ENOUGH_FUNDS,The guild does not have enough coins.,The guild does not have enough coins.
EQUIPMENT_ENCHANTMENTS_LINE,Properties: %s,Properties: %s
EQUIPMENT_ENCHANTMENT_PRECISE,Precise,Precise
EQUIPMENT_ENCHANTMENT_WARDING,Warding,Warding
EQUIPMENT_ENCHANTMENT_PROTECTIVE,Protective,Protective
EQUIPMENT_ENCHANTMENT_LIFE_BOUND,Life-bound,Life-bound
EQUIPMENT_ENCHANTMENT_SWIFT,Swift,Swift
EQUIPMENT_ENCHANTMENT_PROSPEROUS,Prosperous,Prosperous
EQUIPMENT_ENCHANTMENT_FAR_SEEING,Far-seeing,Far-seeing
EQUIPMENT_SLOT_LOCK_OVERLAY,LOCKED\nRank %s,LOCKED\nRank %s
EQUIPMENT_SLOT_LOCKED_TOOLTIP,%s slot\nUnlocks at Rank %s,%s slot\nUnlocks at Rank %s
